-- Osh Language CRM — seed data
-- Generated from src/seed-groups.js / src/seed-students.js (the same data the
-- app used to seed a fresh localStorage). Run schema.sql first, then this file,
-- once, in the Supabase SQL Editor. Safe to skip if you'd rather start empty.

-- groups (25 rows)
insert into public.groups (id, level, name, teacher, time, max_size, status, notes) values
('g1', 'Beginner', 'Утро 10:30-12:00', 'Aizat', '10:30-12:00', 15, 'archived', ''),
('g32', 'Beginner', 'Вечер 16:30-18:00', 'Aizat', '16:30-18:00', 15, 'archived', ''),
('g61', 'Beginner', 'Вечер 16:30-18:00', 'Asel', '16:30-18:00', 15, 'active', ''),
('g92', 'Beginner', 'Утро 12:30-14:00', 'Ms Nurzhan', '12:30-14:00', 15, 'active', ''),
('g121', 'Elementary', 'Утро 08:30-10:00', 'Nargiza', '08:30-10:00', 15, 'archived', ''),
('g150', 'Elementary', 'Вечер 14:30-16:00', 'Nargiza', '14:30-16:00', 15, 'archived', ''),
('g180', 'Elementary', 'Утро 12:30-14:00', 'Asel', '12:30-14:00', 15, 'active', ''),
('g208', 'Elementary', 'Утро 08:30-10:00', 'Nurzhan', '08:30-10:00', 15, 'active', ''),
('g235', 'Pre-Intermediate', 'Утро 10:30-12:00', 'Nurzhan', '10:30-12:00', 15, 'archived', ''),
('g265', 'Pre-Intermediate', 'Вечер 14:30-16:00', 'Nurzhan', '14:30-16:00', 15, 'archived', ''),
('g291', 'Pre-Intermediate', 'Вечер 10:30-12:00', 'Ilyaz', '10:30-12:00', 15, 'active', ''),
('g324', 'Pre-Intermediate', 'Утро 14:30-16:00', 'Ilyaz', '14:30-16:00', 15, 'active', ''),
('g350', 'Intermediate', 'Утро 08:30-10:30', 'Yan', '08:30-10:30', 15, 'active', ''),
('g377', 'Intermediate', 'Вечер 16:30-18:00', 'Yan', '16:30-18:00', 15, 'active', ''),
('g404', 'Intermediate', 'Вечер 12:30-14:00', 'Ms Madina', '12:30-14:00', 15, 'active', ''),
('g438', 'Upper-Intermediate', 'Утро 10:30-12-00', 'mr,Yan', '10:30-12-00', 15, 'active', ''),
('g447', 'Upper-Intermediate', 'Вечер 18:30-20:00', '-', '18:30-20:00', 15, 'active', ''),
('g448', 'IELTS Prep', 'Группа 1', '-', '-', 15, 'active', ''),
('g500', 'IELTS Prep', 'Вечер 16:30-18:00', 'Mr Green', '16:30-18:00', 15, 'active', ''),
('g527', 'IELTS Prep', 'Mr Baiysh 12:30-14:00', 'Baiysh', '12:30-14:00', 15, 'active', ''),
('g570', 'IELTS Prep', '10:30-12:00', 'Green', '10:30-12:00', 15, 'active', ''),
('g611', 'IELTS Prep', '14:30-16:00', 'Mr Baiysh', '14:30-16:00', 15, 'active', ''),
('g648', 'IELTS Prep', '15,06 14:30', 'Mr Green', '14:30', 15, 'active', ''),
('g679', 'IELTS Prep', '29.06 8:30-10:00', 'Mr Madina', '8:30-10:00', 15, 'active', ''),
('g698', 'IELTS Prep', '13.07 start 10:30-12:00', 'Madina', 'start 10:30-12:00', 15, 'active', '');

-- students (346 rows)
insert into public.students (id, name, phone, level, group_id, manager, contract_amount, status, notes) values
('s3', 'Абдулазиз Хабибулаев', '550385818', 'Beginner', 'g1', 'Диана', 24000.0, 'archived', ''),
('s5', 'Акпаралыев Тилек', '', 'Beginner', 'g1', 'Эламан', 24000.0, 'archived', ''),
('s7', 'Толонов Абдас', '999464043', 'Beginner', 'g1', 'Диана', 24000.0, 'archived', ''),
('s9', 'Кочконов Нурдоолот', '220792274', 'Beginner', 'g1', 'Венера', 24000.0, 'archived', ''),
('s11', 'Сатыбалдиев Закариё', '704523852', 'Beginner', 'g1', 'Диана', 8000.0, 'archived', ''),
('s13', 'Алимжанова Машхура', '222222548', 'Beginner', 'g1', 'Диана', 24000.0, 'archived', ''),
('s15', 'Равшанбеков Адилет', '557020409', 'Beginner', 'g1', 'Диана', 10000.0, 'archived', ''),
('s17', 'Аматов Майрамбек', '707822057', 'Beginner', 'g1', 'Алия', 24000.0, 'archived', ''),
('s19', 'Турсуналиев Исхак', '996 550 045 354', 'Beginner', 'g1', 'Диана', 10000.0, 'archived', ''),
('s21', 'Зайнарбеков Алинур', '996 555 819 595', 'Beginner', 'g1', 'Диана', 10000.0, 'archived', ''),
('s23', 'Турдалыев Усон', '553102713', 'Beginner', 'g1', 'Алия', 9000.0, 'archived', ''),
('s25', 'Турдалыев Асан', '553102713', 'Beginner', 'g1', 'Алия', 9000.0, 'archived', ''),
('s27', 'Уметалиев Умар', '996 557 929 595', 'Beginner', 'g1', 'Диана', 10000.0, 'archived', ''),
('s29', 'Сатыбалдиев Билал', '996 503 212 013', 'Beginner', 'g1', 'Диана', 24000.0, 'archived', ''),
('s31', 'Шананов Умар', '996 700 478 838', 'Beginner', 'g1', 'Венера', 10000.0, 'archived', ''),
('s34', 'Арсланбеков Бексултан', '551066906', 'Beginner', 'g32', 'Диана', 24000.0, 'archived', ''),
('s36', 'Сарыбаева Айлун', '998 091 108', 'Beginner', 'g32', 'Диана', 24000.0, 'archived', ''),
('s38', 'Талантов Умар', '556888302', 'Beginner', 'g32', 'Венера', 24000.0, 'archived', ''),
('s40', 'Сабирова Мээрим', '996 500 055 033', 'Beginner', 'g32', 'Венера', 10000.0, 'archived', ''),
('s42', 'Махмуджанова Дилдора', '996 779 578 744', 'Beginner', 'g32', 'Диана', 10000.0, 'archived', ''),
('s44', 'Махмуджанов Мухаммадюсуф', '996 779 578 744', 'Beginner', 'g32', 'Диана', 10000.0, 'archived', ''),
('s46', 'Жакыбалиева Айжан', '779241111', 'Beginner', 'g32', 'Диана', 24000.0, 'archived', ''),
('s48', 'Алымов Бейшен', '996 222 070 215', 'Beginner', 'g32', 'Диана', 24000.0, 'archived', ''),
('s50', 'Юсупбекова Жанайым', '996 558 852 010', 'Beginner', 'g32', '', 10000.0, 'archived', ''),
('s52', 'Мустапаев Исламбек', '226333506', 'Beginner', 'g32', 'Алия', 10000.0, 'archived', ''),
('s53', 'Джееналиева Айшат', '', 'Beginner', 'g32', 'Эламан', 0, 'archived', ''),
('s54', 'Муртазакова Элина', '', 'Beginner', 'g32', 'Эламан', 0, 'archived', ''),
('s56', 'Асылбеков Акылбек', '220425328', 'Beginner', 'g32', 'Алия', 10000.0, 'archived', ''),
('s58', 'Кудайназар', '996 707 080 225', 'Beginner', 'g32', 'Венера', 24000.0, 'archived', ''),
('s60', 'Махамаджанова Нускайым', '553899292', 'Beginner', 'g32', 'Диана', 24000.0, 'archived', ''),
('s63', 'Турдумаматов Баястан', '996 507 389 193', 'Beginner', 'g61', 'Венера', 10000.0, 'active', ''),
('s65', 'Жолдошова Гулиза', '996 225 362 403', 'Beginner', 'g61', 'Венера', 10000.0, 'active', ''),
('s67', 'Абдрахманова Назбийке', '996 990 969 492', 'Beginner', 'g61', 'Венера', 10000.0, 'active', ''),
('s69', 'Анарбаева Бурулай', '996777170115', 'Beginner', 'g61', 'Диана', 18000.0, 'active', ''),
('s71', 'Сулайманова Марям', '708220509', 'Beginner', 'g61', 'Венера', 20000.0, 'active', ''),
('s73', 'Жусупов Даниел', '502740734', 'Beginner', 'g61', 'Венера', 20000.0, 'active', ''),
('s75', 'Абдуллдаев Орозбек', '502565988', 'Beginner', 'g61', 'Диана', 10000.0, 'active', ''),
('s77', 'Арстанбекова Каныкей', '996 705 398 899', 'Beginner', 'g61', 'Венера', 10000.0, 'active', ''),
('s79', 'Тожимахамтов Улугбек', '79529358791', 'Beginner', 'g61', 'Алия', 10000.0, 'active', ''),
('s81', 'Акматова Санира', '996 223 531 919', 'Beginner', 'g61', 'Венера', 10000.0, 'active', ''),
('s83', 'Курманбеков Нурбайэл', '996 225 775 255', 'Beginner', 'g61', 'Венера', 10000.0, 'active', ''),
('s85', 'Турдалиев Шермамат', '996 773 543 717', 'Beginner', 'g61', 'Диана', 10000.0, 'active', ''),
('s87', 'Асылзат Абдувалиева', '996502802267', 'Beginner', 'g61', 'Диана', 20000.0, 'active', ''),
('s89', 'Аманиллаева Зулайхо', '996 552 150 108', 'Beginner', 'g61', 'Венера', 10000.0, 'active', ''),
('s91', 'Батырбекова Айданек', '996 507 467 641', 'Beginner', 'g61', 'Диана', 10000.0, 'active', ''),
('s94', 'Умаралиева Аяна', '996 223 799 479', 'Beginner', 'g92', 'Венера', 18000.0, 'active', ''),
('s96', 'Таабалдиева Раяна', '996 704 114 744', 'Beginner', 'g92', 'Диана', 18000.0, 'active', ''),
('s98', 'Базарбаева Нурайым', '996225082511', 'Beginner', 'g92', 'Алия', 10000.0, 'active', ''),
('s100', 'Тойчуев Хузайфа', '996 221 230 771', 'Beginner', 'g92', 'Диана', 10000.0, 'active', ''),
('s102', 'Абдурахим кызы Наргиза', '996 552 675 267', 'Beginner', 'g92', 'Диана', 10000.0, 'active', '');
insert into public.students (id, name, phone, level, group_id, manager, contract_amount, status, notes) values
('s104', 'Мырсалиевв Нурэл', '224201575', 'Beginner', 'g92', 'Алия', 18000.0, 'active', ''),
('s106', 'Асилбекова Альвира', '996 504 109 504', 'Beginner', 'g92', 'Диана', 18000.0, 'active', ''),
('s108', 'Эркинбаев Абдурахман', '996 999 998 924', 'Beginner', 'g92', 'Диана', 10000.0, 'active', ''),
('s110', 'Абылкасымов Арген', 'толойт папасы', 'Beginner', 'g92', 'Алия', 10000.0, 'active', ''),
('s112', 'Асанов Cулайман', '996 552 001 922', 'Beginner', 'g92', 'Диана', 10000.0, 'active', ''),
('s114', 'Кулдашбаев Арсен', '996 555 011 911', 'Beginner', 'g92', 'Диана', 10000.0, 'active', ''),
('s116', 'Осмонова Нурпери', '79992469826', 'Beginner', 'g92', 'Алия', 10000.0, 'active', ''),
('s118', 'Абдикеримова Муслима', '996 880 042 011', 'Beginner', 'g92', 'Диана', 10000.0, 'active', ''),
('s120', 'Абдибилалова Сауле', '707013025', 'Beginner', 'g92', 'Венера', 9000.0, 'active', ''),
('s123', 'Айипова Таттыбубу', '996 502 717 653', 'Elementary', 'g121', 'Венера', 24000.0, 'archived', ''),
('s125', 'Жолдубаев Рашид', '225493939', 'Elementary', 'g121', 'Анжелика', 32000.0, 'archived', ''),
('s127', 'Зирекова Фатима', '773190179', 'Elementary', 'g121', 'Анжелика', 24000.0, 'archived', ''),
('s129', 'Зирекова Хадижа', '773190179', 'Elementary', 'g121', 'Анжелика', 24000.0, 'archived', ''),
('s131', 'Ормонов Бакай', '701316632', 'Elementary', 'g121', 'Анжелика', 24000.0, 'archived', ''),
('s133', 'Абылкасымова Алия', '#VALUE!', 'Elementary', 'g121', 'Эламан', 8000.0, 'archived', ''),
('s135', 'Шукурбеков Мекен', '996 708 329 143', 'Elementary', 'g121', 'Венера', 10000.0, 'archived', ''),
('s137', 'Ормонов Нурболот', '', 'Elementary', 'g121', 'Эламан', 8000.0, 'archived', ''),
('s139', 'Абдыганыев Эрбол', '996 779 119 506', 'Elementary', 'g121', 'Венера', 24000.0, 'archived', ''),
('s141', 'Зирекова Асия', '996 773 190 179', 'Elementary', 'g121', 'Диана', 24000.0, 'archived', ''),
('s143', 'Абдимиталипова Нурмира', '996 771 804 171', 'Elementary', 'g121', 'Диана', 24000.0, 'archived', ''),
('s145', 'Мурзабекова Айжаныл', '996 706 265 703', 'Elementary', 'g121', 'Диана', 10000.0, 'archived', ''),
('s147', 'Абдисаматова Адеми', '755414181', 'Elementary', 'g121', 'Алия', 10000.0, 'archived', ''),
('s148', 'эргешова Ражабхан', '', 'Elementary', 'g121', 'Эламан', 10000.0, 'archived', ''),
('s149', 'Азимов Байэл', '', 'Elementary', 'g121', 'Эламан', 0, 'archived', ''),
('s152', 'Нуржигит Калдыбаев', '', 'Elementary', 'g150', 'Эламан', 10000.0, 'archived', ''),
('s154', 'Ормотоева Сауле', '', 'Elementary', 'g150', 'Алия', 10000.0, 'archived', ''),
('s156', 'Маматбекова Акылай', '996 552 303 744', 'Elementary', 'g150', 'Венера', 10000.0, 'archived', ''),
('s158', 'Кубатбекова Зулайха', '999464043', 'Elementary', 'g150', 'Диана', 24000.0, 'archived', ''),
('s160', 'Ырысбаева Нурзада', '996 507 472 059', 'Elementary', 'g150', 'Венера', 8000.0, 'archived', ''),
('s162', 'Камчыбеков Умар', '996 772256555', 'Elementary', 'g150', 'Диана', 24000.0, 'archived', ''),
('s164', 'Турдалиева Амина', '552344303', 'Elementary', 'g150', 'Алия', 10000.0, 'archived', ''),
('s166', 'Атакова Арууке', '776266365', 'Elementary', 'g150', 'Алия', 24000.0, 'archived', ''),
('s168', 'Ырысбаева Айдай', '996 554 355 584', 'Elementary', 'g150', 'Венера', 8000.0, 'archived', ''),
('s170', 'Абдилбакиева Айнэль', '770007527', 'Elementary', 'g150', 'Алия', 10000.0, 'archived', ''),
('s172', 'Истамбеков Арген', '996 222 090 989', 'Elementary', 'g150', 'Венера', 10000.0, 'archived', ''),
('s174', 'Аттокурова Райана', '996 778 509 860', 'Elementary', 'g150', 'Венера', 10000.0, 'archived', ''),
('s176', 'Омуров Таймураз', 'Омуров Таймураз', 'Elementary', 'g150', 'Алия', 24000.0, 'archived', ''),
('s178', 'Зайлидинов Абдышукур', '701088431', 'Elementary', 'g150', '', 10000.0, 'archived', ''),
('s179', 'Маматжан уулу Эржан', '', 'Elementary', 'g150', '', 0, 'archived', ''),
('s182', 'Абдивалиев Алмаз', '552107070', 'Elementary', 'g180', 'Алия', 20000.0, 'active', ''),
('s184', 'Абдивалиев Темур', '552107070', 'Elementary', 'g180', 'Алия', 20000.0, 'active', ''),
('s186', 'Абдилсаламов Билал', '79268600607', 'Elementary', 'g180', 'Алия', 10000.0, 'active', ''),
('s188', 'Хайдаров Ансар', '996 995154577', 'Elementary', 'g180', 'Диана', 20000.0, 'active', ''),
('s190', 'Калыев Эрхан', '', 'Elementary', 'g180', 'Эламан', 20000.0, 'active', ''),
('s192', 'Шарапов Доолотбек', '996 999 150 210', 'Elementary', 'g180', 'Диана', 20000.0, 'active', ''),
('s194', 'Алтынбеков Бийхан', '996 220 070 711', 'Elementary', 'g180', 'Диана', 10000.0, 'active', ''),
('s195', 'Алиаскар Кыязбек', '', 'Elementary', 'g180', 'Эламан', 0, 'active', ''),
('s197', 'Калмаматов Умар', '553910106', 'Elementary', 'g180', '', 10000.0, 'active', ''),
('s199', 'Номанжанов Мухаммадсыдык', '557022099', 'Elementary', 'g180', 'Алия', 10000.0, 'active', ''),
('s200', 'Асылбекова Жанет', '', 'Elementary', 'g180', 'Диана', 0, 'active', '');
insert into public.students (id, name, phone, level, group_id, manager, contract_amount, status, notes) values
('s202', 'Абдураимахунов Исхакбек', '755704006', 'Elementary', 'g180', 'Алия', 10000.0, 'active', ''),
('s203', 'Шукуруллаев Абдуллах', '', 'Elementary', 'g180', 'Эламан', 0, 'active', ''),
('s205', 'Оморова Мээрим', '', 'Elementary', 'g180', 'Эламан', 10000.0, 'active', ''),
('s206', 'Раева Асема', '', 'Elementary', 'g180', 'Эламан', 8000.0, 'active', ''),
('s207', 'Ырысбаева Айдай', '', 'Elementary', 'g180', '', 0, 'active', ''),
('s210', 'Осмонова Раяна', '996 706 303 069', 'Elementary', 'g208', 'Диана', 10000.0, 'active', ''),
('s212', 'Кадырмаматов Алихан', '', 'Elementary', 'g208', 'Алия', 18000.0, 'active', ''),
('s213', 'Нурмира', '', 'Elementary', 'g208', '', 0, 'active', ''),
('s215', 'Сатимаева Сезим', '777071729', 'Elementary', 'g208', 'Алия', 18000.0, 'active', ''),
('s217', 'Джафари Тоира', '996 706 078 151', 'Elementary', 'g208', 'Диана', 10000.0, 'active', ''),
('s219', 'Алымова Нуржан', '995210508', 'Elementary', 'g208', 'Алия', 10000.0, 'active', ''),
('s220', 'Камалдинова Элзада', '', 'Elementary', 'g208', 'Эламан', 10000.0, 'active', ''),
('s222', 'Абдрасулов Асад', '996770362601', 'Elementary', 'g208', 'Алия', 10000.0, 'active', ''),
('s224', 'Шайлообек к Бумайрам', '996 550 056 416', 'Elementary', 'g208', 'Диана', 10000.0, 'active', ''),
('s226', 'Пазылжанов Мирлан', '996 773 842 284', 'Elementary', 'g208', 'Венера', 10000.0, 'active', ''),
('s227', 'Азимов Байел', '', 'Elementary', 'g208', '', 0, 'active', ''),
('s228', 'Ормонбекова Айбийке', '996 221 225 149', 'Elementary', 'g208', 'Диана', 10000.0, 'active', ''),
('s230', 'Эсенова Ясмина', '996 554 775 528', 'Elementary', 'g208', 'Диана', 9000.0, 'active', ''),
('s232', 'Оморбекова Аруке', '79533660829', 'Elementary', 'g208', 'Венера', 10000.0, 'active', ''),
('s234', 'Шакиров Аятулла', '996 770 286 224', 'Elementary', 'g208', 'Венера', 10000.0, 'active', ''),
('s237', 'Бекташова Асема', '996 779 386 418', 'Pre-Intermediate', 'g235', '', 10000.0, 'archived', ''),
('s239', 'Салижанова Арууке', '996 507 777 389', 'Pre-Intermediate', 'g235', 'Венера', 24000.0, 'archived', ''),
('s241', 'Кожотаев Санжар', '79099048600', 'Pre-Intermediate', 'g235', 'Венера', 10000.0, 'archived', ''),
('s243', 'Раяна Сайбидинова', '996 944 424', 'Pre-Intermediate', 'g235', 'Диана', 10000.0, 'archived', ''),
('s245', 'Мураталиева Айзада', '', 'Pre-Intermediate', 'g235', 'Эламан', 24000.0, 'archived', ''),
('s247', 'Каныбек кызы Айзирек', '', 'Pre-Intermediate', 'g235', 'Эламан', 10000.0, 'archived', ''),
('s249', 'Абдираимова  Сымбат', '996227611061', 'Pre-Intermediate', 'g235', 'Диана', 24000.0, 'archived', ''),
('s251', 'Сагынбеков Хантемир', '222110000', 'Pre-Intermediate', 'g235', 'Алия', 10000.0, 'archived', ''),
('s253', 'Аманбаев Бексултан', '222110000', 'Pre-Intermediate', 'g235', 'Алия', 10000.0, 'archived', ''),
('s255', 'Мурзакматова Акбийке', '556272779', 'Pre-Intermediate', 'g235', 'Диана', 10000.0, 'archived', ''),
('s257', 'Билалидинова Арууке', '', 'Pre-Intermediate', 'g235', 'Эламан', 10000.0, 'archived', ''),
('s258', 'Максатбек уулу Исхак', '774272073', 'Pre-Intermediate', 'g235', 'Эламан', 0, 'archived', ''),
('s260', 'Amirev Mukammed', '', 'Pre-Intermediate', 'g235', 'Эламан', 1000.0, 'archived', ''),
('s262', 'Актилекова Айчолпон', '550650033', 'Pre-Intermediate', 'g235', 'Алия', 10000.0, 'archived', ''),
('s264', 'Кубанычбеков Умар', '559777220', 'Pre-Intermediate', 'g235', 'Алия', 8000.0, 'archived', ''),
('s267', 'Каримбекова Азирет', '', 'Pre-Intermediate', 'g265', '', 9000.0, 'archived', ''),
('s268', 'Оморова Асема', '', 'Pre-Intermediate', 'g265', '', 10000.0, 'archived', ''),
('s269', 'Байжигит', '', 'Pre-Intermediate', 'g265', '', 0, 'archived', ''),
('s270', 'Токтосунов Нурислам', '', 'Pre-Intermediate', 'g265', '', 0, 'archived', ''),
('s271', 'Муратбеков Сыймык', '500812009', 'Pre-Intermediate', 'g265', '', 24000.0, 'archived', ''),
('s272', 'абдыкапаров Байел', '', 'Pre-Intermediate', 'g265', '', 0, 'archived', ''),
('s274', 'Нурматов Динислам', '996 551510 661', 'Pre-Intermediate', 'g265', 'Диана', 10000.0, 'archived', ''),
('s276', 'Шайлообекова Муслима', '775060615', 'Pre-Intermediate', 'g265', 'Алия', 10000.0, 'archived', ''),
('s278', 'Шананова Уулкыз', '996 700 280 134', 'Pre-Intermediate', 'g265', 'Венера', 10000.0, 'archived', ''),
('s280', 'Эргешалиева Айсезим', '996 558 864 500', 'Pre-Intermediate', 'g265', 'Венера', 10000.0, 'archived', ''),
('s282', 'Абайдуллаев Нурислам', '559818164', 'Pre-Intermediate', 'g265', 'Диана', 24000.0, 'archived', ''),
('s284', 'Каримбекова Аэлита', '555628562', 'Pre-Intermediate', 'g265', 'Эламан', 10000.0, 'archived', ''),
('s286', 'Маманова айзат', '996700879009', 'Pre-Intermediate', 'g265', 'Диана', 24000.0, 'archived', ''),
('s288', 'Мамажанов Бексултан', '996 552 103 753', 'Pre-Intermediate', 'g265', 'Венера', 24000.0, 'archived', ''),
('s290', 'Батырбеков Алайбек', '778247044 mama', 'Pre-Intermediate', 'g265', 'Алия', 10000.0, 'archived', '');
insert into public.students (id, name, phone, level, group_id, manager, contract_amount, status, notes) values
('s293', 'Мамирасулов Бекзат', '702505270', 'Pre-Intermediate', 'g291', 'Диана', 10000.0, 'active', ''),
('s295', 'Жаныбаев Абай', '558250535', 'Pre-Intermediate', 'g291', 'Диана', 10000.0, 'active', ''),
('s297', 'Эргешов Рамазан', '79293178154', 'Pre-Intermediate', 'g291', 'Диана', 10000.0, 'active', ''),
('s299', 'Тургунбаев Нурсултан', '507123013', 'Pre-Intermediate', 'g291', 'Алия', 20000.0, 'active', ''),
('s301', 'Тургунбаев Нурислам', '501253639', 'Pre-Intermediate', 'g291', 'Алия', 20000.0, 'active', ''),
('s303', 'Калыбаев Азамат', '220777581', 'Pre-Intermediate', 'g291', 'Диана', 10000.0, 'active', ''),
('s305', 'Орозбекова Сезим', '707108086', 'Pre-Intermediate', 'g291', 'Венера', 20000.0, 'active', ''),
('s307', 'Саматова Гульжан', '553910106', 'Pre-Intermediate', 'g291', 'Алия', 10000.0, 'active', ''),
('s309', 'Рахманова Махдия', '552597759', 'Pre-Intermediate', 'g291', 'Алия', 10000.0, 'active', ''),
('s311', 'Турпанова Айдана', '555007749', 'Pre-Intermediate', 'g291', 'Алия', 20000.0, 'active', ''),
('s313', 'Жолчуева Байэлина', '996 999 202 051', 'Pre-Intermediate', 'g291', 'Венера', 20000.0, 'active', ''),
('s315', 'Сулайман Эмин', '996 771 623 838', 'Pre-Intermediate', 'g291', 'Диана', 20000.0, 'active', ''),
('s317', 'Мамасадыкова Айназик', '996 999 009 450', 'Pre-Intermediate', 'g291', 'Венера', 10000.0, 'active', ''),
('s319', 'Зайирбекова Нагима', '996 551 555 127', 'Pre-Intermediate', 'g291', 'Диана', 10000.0, 'active', ''),
('s321', 'Акматов Данияр', '996 500 442 131', 'Pre-Intermediate', 'g291', 'Диана', 10000.0, 'active', ''),
('s323', 'Икрамжанов Ихлас', '996 509 201 147', 'Pre-Intermediate', 'g291', 'Венера', 10000.0, 'active', ''),
('s326', 'Ахмадова Айзирек', '996 226 194 897', 'Pre-Intermediate', 'g324', 'Диана', 10000.0, 'active', ''),
('s327', 'Толонбаева Нурайым', '996 559 021 525', 'Pre-Intermediate', 'g324', 'Диана', 10000.0, 'active', ''),
('s329', 'Мамажалил у Белек', '966 56 077 8781', 'Pre-Intermediate', 'g324', 'Диана', 22500.0, 'active', ''),
('s331', 'Жыргалбеков Алманбет', '996 509 254 008', 'Pre-Intermediate', 'g324', 'Венера', 10000.0, 'active', ''),
('s332', 'Айсезим', '', 'Pre-Intermediate', 'g324', '', 0, 'active', ''),
('s333', 'Калыкова Адина', '', 'Pre-Intermediate', 'g324', '', 0, 'active', ''),
('s334', 'Ганиева Баяна', '', 'Pre-Intermediate', 'g324', '', 0, 'active', ''),
('s335', 'Алманбет', 'Венера', 'Pre-Intermediate', 'g324', '', 0, 'active', ''),
('s336', 'Нематова Айгерим', '', 'Pre-Intermediate', 'g324', '', 0, 'active', ''),
('s337', 'Ахматов Мейкин', '', 'Pre-Intermediate', 'g324', '', 0, 'active', ''),
('s338', 'Абдиталип', '772202078', 'Pre-Intermediate', 'g324', 'Алия', 18000.0, 'active', ''),
('s340', 'Базарова Кумушай', '996 770 303 609', 'Pre-Intermediate', 'g324', 'Диана', 10000.0, 'active', ''),
('s342', 'Анарбаева Алтынай', '996 774 100 810', 'Pre-Intermediate', 'g324', 'Диана', 18000.0, 'active', ''),
('s343', 'Нейматов Исхак', '', 'Pre-Intermediate', 'g324', '', 0, 'active', ''),
('s345', 'Аскаралиев Алихан', '996 550 328 272', 'Pre-Intermediate', 'g324', 'Венера', 10000.0, 'active', ''),
('s347', 'Нурматов Динислам', '996 551510 661', 'Pre-Intermediate', 'g324', '', 10000.0, 'active', ''),
('s349', 'Эркинов Абдумалик', '996 997 012 501', 'Pre-Intermediate', 'g324', '', 18000.0, 'active', ''),
('s352', 'Каримов Камрон', '551353581', 'Intermediate', 'g350', 'Алия', 10000.0, 'active', ''),
('s354', 'Айдаралиев Эмил', '', 'Intermediate', 'g350', 'Эламан', 24000.0, 'active', ''),
('s356', 'Эридан Джолдубаев', '996 559 979 723', 'Intermediate', 'g350', 'Венера', 8000.0, 'active', ''),
('s358', 'Асланбеков Абай', '220274036', 'Intermediate', 'g350', 'Алия', 10000.0, 'active', ''),
('s359', 'Максудов асад', '', 'Intermediate', 'g350', '', 0, 'active', ''),
('s361', 'Асатуллаева Захро', '996 706 078 896', 'Intermediate', 'g350', 'Венера', 10000.0, 'active', ''),
('s363', 'Чалиева Элиза', '996 703 32 08 08', 'Intermediate', 'g350', 'Венера', 24000.0, 'active', ''),
('s365', 'Чалиева Гулиза', '996 503 32 08 08', 'Intermediate', 'g350', 'Венера', 24000.0, 'active', ''),
('s366', 'Маматжанова Арууке', '774053555', 'Intermediate', 'g350', '', 0, 'active', ''),
('s368', 'Насимов Салахидин', '553006119', 'Intermediate', 'g350', '', 20000.0, 'active', ''),
('s370', 'Мурзабекова Асема', '771260986', 'Intermediate', 'g350', 'Алия', 12000.0, 'active', ''),
('s372', 'Бахтияров Ислам', '550217041', 'Intermediate', 'g350', 'Диана', 23000.0, 'active', ''),
('s374', 'Актилек Абдраев', '551929203', 'Intermediate', 'g350', 'Алия', 10000.0, 'active', ''),
('s376', 'Ирисмаматова Назбийке', '557471515', 'Intermediate', 'g350', 'Алия', 24000.0, 'active', ''),
('s379', 'Казыбекова Мадина', '501495490', 'Intermediate', 'g377', 'Диана', 10000.0, 'active', ''),
('s381', 'Ыдырысова Раяна', '553588868', 'Intermediate', 'g377', '', 10000.0, 'active', ''),
('s383', 'Закиров Артур', '996 770 315 686', 'Intermediate', 'g377', 'Диана', 24000.0, 'active', '');
insert into public.students (id, name, phone, level, group_id, manager, contract_amount, status, notes) values
('s385', 'Казбекова Айгерим', '996 504 749 777', 'Intermediate', 'g377', 'Диана', 10000.0, 'active', ''),
('s387', 'Сабирова Малика', '996 501 745 175', 'Intermediate', 'g377', 'Венера', 10000.0, 'active', ''),
('s388', 'Адамжанов Сыймык', '555844644', 'Intermediate', 'g377', 'Эламан', 0, 'active', ''),
('s389', 'Алтынбекова Мээрим', '558061981', 'Intermediate', 'g377', 'Эламан', 0, 'active', ''),
('s391', 'Бекболотова Гулмира', '776631483', 'Intermediate', 'g377', 'Эламан', 10000.0, 'active', ''),
('s392', 'Джумалиева Асылзат', '553640904', 'Intermediate', 'g377', 'Эламан', 0, 'active', ''),
('s393', 'Райымбаева Аймира', '509042010', 'Intermediate', 'g377', 'Эламан', 0, 'active', ''),
('s394', 'Умаралиев Акназар', '554450745', 'Intermediate', 'g377', 'Эламан', 0, 'active', ''),
('s396', 'Маматзаитов Эмирхан', '550220011', 'Intermediate', 'g377', 'Диана', 24000.0, 'active', ''),
('s397', 'арууке', '', 'Intermediate', 'g377', 'Алия', 0, 'active', ''),
('s399', 'Ботоева Жасмин', '509007575', 'Intermediate', 'g377', 'Алия', 24000.0, 'active', ''),
('s400', 'Акмарал Арапбаева', '996 705 710 777', 'Intermediate', 'g377', 'Эламан', 10000.0, 'active', ''),
('s401', 'Зулейха', '', 'Intermediate', 'g377', '', 10000.0, 'active', ''),
('s402', 'Сатвалдиев Мухаммадусмон', 'интер', 'Intermediate', 'g377', '', 0, 'active', ''),
('s403', 'айдай', 'интер', 'Intermediate', 'g377', '', 0, 'active', ''),
('s405', 'Умар Курбанов', '996220421594', 'Intermediate', 'g404', 'Диана', 10000.0, 'active', ''),
('s407', 'Даминов Барсбек', '507707101', 'Intermediate', 'g404', 'Эламан', 10000.0, 'active', ''),
('s409', 'Султанова айдай', '559111494', 'Intermediate', 'g404', 'Алия', 20000.0, 'active', ''),
('s411', 'Ырысмаматова Каныкей', '222080440', 'Intermediate', 'g404', 'Диана', 19000.0, 'active', ''),
('s413', 'Эргешбаева Арууке', '508243440', 'Intermediate', 'g404', 'Алия', 20000.0, 'active', ''),
('s415', 'Сауле Максатбекова', '550555333', 'Intermediate', 'g404', 'Алия', 10000.0, 'active', ''),
('s416', 'Ибрагимова Айтолкун', '779434988', 'Intermediate', 'g404', 'Эламан', 0, 'active', ''),
('s417', 'Жакыпова Айсулуу', '996 550 651 465', 'Intermediate', 'g404', 'Диана', 9000.0, 'active', ''),
('s419', 'Кубанычбеков Аманбек', '557727772', 'Intermediate', 'g404', 'Алия', 10000.0, 'active', ''),
('s421', 'Акбаралиев Тимур', '996 550 077 668', 'Intermediate', 'g404', 'Диана', 10000.0, 'active', ''),
('s423', 'Тургунбеков Барсбек', '996 708 042 673', 'Intermediate', 'g404', 'Венера', 30000.0, 'active', ''),
('s425', 'Кубатов Денис', '555430018', 'Intermediate', 'g404', 'Алия', 20000.0, 'active', ''),
('s427', 'Баймырзаев Мырзабек', '996 559 515 220', 'Intermediate', 'g404', 'Венера', 20000.0, 'active', ''),
('s429', 'Токтогонова Саадат', '996 505 985 200', 'Intermediate', 'g404', 'Венера', 10000.0, 'active', ''),
('s431', 'Омуралиева Дильнура', '550206075', 'Intermediate', 'g404', 'Алия', 20000.0, 'active', ''),
('s433', 'Абдигапаров Нурислам', '996706483971', 'Intermediate', 'g404', 'Диана', 10000.0, 'active', ''),
('s435', 'Шукуров Мыктыбек', '996503332875', 'Intermediate', 'g404', 'Диана', 15000.0, 'active', ''),
('s437', 'Мурадилов Салохиддин', '996558461421', 'Intermediate', 'g404', 'Диана', 12000.0, 'active', ''),
('s440', 'Султанова Мадина', '706 857 070', 'Upper-Intermediate', 'g438', 'Диана', 10000.0, 'active', ''),
('s442', 'Ашурбеков Курманбек', '755 768 616', 'Upper-Intermediate', 'g438', 'Диана', 10000.0, 'active', ''),
('s443', 'Оонбаева Гулнур', '', 'Upper-Intermediate', 'g438', 'Эламан', 0, 'active', ''),
('s445', 'Марипжан кызы Гулзирек', '', 'Upper-Intermediate', 'g438', 'Эламан', 1000.0, 'active', ''),
('s446', 'Насиров Байэл', 'аппер', 'Upper-Intermediate', 'g438', '', 0, 'active', ''),
('s450', 'Камалова Айдеми', '770002050', 'IELTS Prep', 'g448', '', 10000.0, 'active', ''),
('s454', 'Акматов Айдемир', '507962628', 'IELTS Prep', 'g448', '', 30000.0, 'active', ''),
('s458', 'Мамадалиев Гайратжон', '996551200095', 'IELTS Prep', 'g448', '', 26000.0, 'active', ''),
('s462', 'Сапарбаев Мухаммад', '501111864', 'IELTS Prep', 'g448', 'Венера', 28000.0, 'active', ''),
('s465', 'Парманов Мухаммадали', '995200815', 'IELTS Prep', 'g448', '', 10000.0, 'active', ''),
('s469', 'Асанов Нурсаид', '502436017', 'IELTS Prep', 'g448', 'Венера', 28000.0, 'active', ''),
('s473', 'Анарбаев Мыктыбек', '552055729', 'IELTS Prep', 'g448', 'Алия', 28000.0, 'active', ''),
('s477', 'Тажибаев Белек', '704144812', 'IELTS Prep', 'g448', 'Алия', 15000.0, 'active', ''),
('s481', 'Абдилакимов Даниэл', '500 375 801', 'IELTS Prep', 'g448', 'Диана', 28000.0, 'active', ''),
('s483', 'Кожомжаров Нуртилек', '770 323 907', 'IELTS Prep', 'g448', 'Диана', 30000.0, 'active', ''),
('s487', 'Акжолов Элдар', '220 848 909', 'IELTS Prep', 'g448', 'Диана', 30000.0, 'active', ''),
('s491', 'Салиев Элмурат', '773 888 557', 'IELTS Prep', 'g448', 'Диана', 30000.0, 'active', '');
insert into public.students (id, name, phone, level, group_id, manager, contract_amount, status, notes) values
('s495', 'Чоенбаев Мухаммед', '509915980', 'IELTS Prep', 'g448', 'Алия', 28000.0, 'active', ''),
('s497', 'Какаев Бекжан', '502906737', 'IELTS Prep', 'g448', 'Венера', 15000.0, 'active', ''),
('s499', 'Абдамитов Даниэл', '775 835 351', 'IELTS Prep', 'g448', 'Венера', 28000.0, 'active', ''),
('s502', 'Шамшиев Байэл', '220692705', 'IELTS Prep', 'g500', 'Алия', 28000.0, 'active', ''),
('s504', 'Таабалдиев Тимур', '220692705', 'IELTS Prep', 'g500', 'Анжелика', 10000.0, 'active', ''),
('s506', 'Умаров Салохидин', '550541554', 'IELTS Prep', 'g500', '', 26000.0, 'active', ''),
('s508', 'Зейнеп Сагынбаева', '779 124 110', 'IELTS Prep', 'g500', 'Диана', 30000.0, 'active', ''),
('s510', 'Хомитхонов Аббос', '559160209', 'IELTS Prep', 'g500', 'Алия', 10000.0, 'active', ''),
('s512', 'Салибаев Залкарбек', '773 215 904', 'IELTS Prep', 'g500', 'Диана', 30000.0, 'active', ''),
('s514', 'Каримбердиев Даниэл', '220 188 227', 'IELTS Prep', 'g500', 'Диана', 30000.0, 'active', ''),
('s516', 'Абдумиталипов Зафаржон', '556 131 516', 'IELTS Prep', 'g500', 'Венера', 30000.0, 'active', ''),
('s518', 'Абдуллаев Абдулло', '507 018 610', 'IELTS Prep', 'g500', 'Венера', 30000.0, 'active', ''),
('s520', 'Айганыш Абдукарова', '771249531', 'IELTS Prep', 'g500', 'Алия', 29000.0, 'active', ''),
('s521', 'Мухаммадюнус Абдужаббаров', '', 'IELTS Prep', 'g500', '', 0, 'active', ''),
('s522', 'Анарбаев Жаныш', '', 'IELTS Prep', 'g500', '', 2000.0, 'active', ''),
('s524', 'Парпиева Арууке', '996 226 717 116', 'IELTS Prep', 'g500', 'Диана', 30000.0, 'active', ''),
('s526', 'Абдыкапарова Аэлита', '996 555 420 036', 'IELTS Prep', 'g500', 'Венера', 30000.0, 'active', ''),
('s531', 'Хайруллаев Тимур- Малик', '555371010', 'IELTS Prep', 'g527', 'Алия', 30000.0, 'active', ''),
('s535', 'Убайдиллаев Исхак', 'мама 996 700 124 483/ 996 708 366 744', 'IELTS Prep', 'g527', 'Венера', 28000.0, 'active', ''),
('s539', 'Абиджапаров Бекулан', 'папа 996 553 373 812', 'IELTS Prep', 'g527', 'Венера', 28000.0, 'active', ''),
('s543', 'Аманов Эрнист', 'мама 996 777 118 676', 'IELTS Prep', 'g527', 'Венера', 28000.0, 'active', ''),
('s545', 'Бахапов Амантур', '999230282', 'IELTS Prep', 'g527', 'Алия', 15000.0, 'active', ''),
('s549', 'Жаныбаев Азирети Билал', '503 220 670', 'IELTS Prep', 'g527', 'Диана', 30000.0, 'active', ''),
('s550', 'Мендибаева Алия', '996 755 454 342', 'IELTS Prep', 'g527', '', 0, 'active', ''),
('s554', 'Иминов Адилет', '996 558 477 410', 'IELTS Prep', 'g527', 'Диана', 30000.0, 'active', ''),
('s556', 'Кылычбеков Ариет', '996 559 303 733', 'IELTS Prep', 'g527', 'Венера', 30000.0, 'active', ''),
('s558', 'Кадырбеков Бекжан', '996 552 190 609', 'IELTS Prep', 'g527', 'Венера', 30000.0, 'active', ''),
('s560', 'Абдыкадыров Умар', '996 995 242 528', 'IELTS Prep', 'g527', '', 30000.0, 'active', ''),
('s562', 'Раималиев Жумакадыр', '996 509 449 357', 'IELTS Prep', 'g527', 'Венера', 30000.0, 'active', ''),
('s566', 'Насырмаматова Айназик', '507707990', 'IELTS Prep', 'g527', 'Алия', 30000.0, 'active', ''),
('s567', 'Ормонбеков Бекмурат', '557 02 00 25', 'IELTS Prep', 'g527', '', 29000.0, 'active', ''),
('s569', 'Махамаджанов Абдуллох', '705931212', 'IELTS Prep', 'g527', '', 20000.0, 'active', ''),
('s572', 'Абдинабиев Искендер', '996 773 168 539', 'IELTS Prep', 'g570', 'Венера', 28000.0, 'active', ''),
('s576', 'Касымбекова Фатима', '550771673', 'IELTS Prep', 'g570', 'Алия', 30000.0, 'active', ''),
('s580', 'Эргешбаев Залкарбек', '996 990 900 713', 'IELTS Prep', 'g570', 'Венера', 28000.0, 'active', ''),
('s584', 'Мусаев Нуртилек', '996 755 702 025', 'IELTS Prep', 'g570', 'Диана', 29000.0, 'active', ''),
('s586', 'Медербекова Эльвира', '996 772 693 838', 'IELTS Prep', 'g570', '', 30000.0, 'active', ''),
('s590', 'Абдисаламова Сауле', '990600222', 'IELTS Prep', 'g570', 'Алия', 30000.0, 'active', ''),
('s592', 'Абдыгапарова Акмаржан', '996 999 210 097', 'IELTS Prep', 'g570', 'Венера', 30000.0, 'active', ''),
('s596', 'Аскарбекова Аруужан', '996 777 487 373', 'IELTS Prep', 'g570', 'Венера', 29000.0, 'active', ''),
('s597', 'Кадыров Азатбек', '221643736', 'IELTS Prep', 'g570', '', 5000.0, 'active', ''),
('s598', 'Юнусов Тейитбек', '996 500 490 331', 'IELTS Prep', 'g570', 'Венера', 30000.0, 'active', ''),
('s600', 'Суйунбаева Гулазема', '996 225 220 410', 'IELTS Prep', 'g570', 'Диана', 30000.0, 'active', ''),
('s602', 'Бегалиева Арууке', '996 504 400 015', 'IELTS Prep', 'g570', 'Диана', 26000.0, 'active', ''),
('s604', 'Сайпиллаев Бектемир', '996 704 841 784', 'IELTS Prep', 'g570', 'Венера', 26950.0, 'active', ''),
('s608', 'Саматова Бейшегул', '', 'IELTS Prep', 'g570', '', 30000.0, 'active', ''),
('s610', 'Баракова Фатима', '996 776 445 405', 'IELTS Prep', 'g570', '', 26000.0, 'active', ''),
('s613', 'Насридинова Диора', '221464348', 'IELTS Prep', 'g611', 'Алия', 15000.0, 'active', ''),
('s615', 'Абдуганиев Эрланбек', '553230790', 'IELTS Prep', 'g611', 'Диана', 30000.0, 'active', ''),
('s619', 'Конуратова Айдай', '998559980', 'IELTS Prep', 'g611', 'Алия', 29000.0, 'active', '');
insert into public.students (id, name, phone, level, group_id, manager, contract_amount, status, notes) values
('s623', 'Эргешов Нуркамил', '755 110 177', 'IELTS Prep', 'g611', 'Венера', 30000.0, 'active', ''),
('s627', 'Самира Аманбекова', '557758775', 'IELTS Prep', 'g611', 'Алия', 30000.0, 'active', ''),
('s629', 'Минбаева Алтынай', '706008128', 'IELTS Prep', 'g611', 'Алия', 15000.0, 'active', ''),
('s631', 'Кочкорова Айдай', '996 507 15 77 00', 'IELTS Prep', 'g611', 'Венера', 29000.0, 'active', ''),
('s635', 'Жээнбекова аяна', '776020211', 'IELTS Prep', 'g611', 'Алия', 30000.0, 'active', ''),
('s637', 'Исмаилов Бекзат', '996 551 45 46 25', 'IELTS Prep', 'g611', '', 30000.0, 'active', ''),
('s638', 'Абдиманапов Нурсултан', '', 'IELTS Prep', 'g611', '', 0, 'active', ''),
('s640', 'Абдибаитова Арууке', '996 551 104 082', 'IELTS Prep', 'g611', '', 30000.0, 'active', ''),
('s641', 'Ханифа', '', 'IELTS Prep', 'g611', '', 0, 'active', ''),
('s643', 'Аманатов Тилекмат', '995-21-15-44', 'IELTS Prep', 'g611', 'Эламан', 30000.0, 'active', ''),
('s645', 'Абдиманапов Байкут', '558616173', 'IELTS Prep', 'g611', 'Диана', 30000.0, 'active', ''),
('s647', 'Жороева Рахат', '220687202', 'IELTS Prep', 'g611', 'Диана', 30000.0, 'active', ''),
('s650', 'Дарига Жанышбекова', '996995212114', 'IELTS Prep', 'g648', 'Диана', 26000.0, 'active', ''),
('s652', 'Раяна Аскатбекова', '996995062000', 'IELTS Prep', 'g648', 'Диана', 26000.0, 'active', ''),
('s654', 'Насирдинов Муктарбек', '996220038448', 'IELTS Prep', 'g648', 'Диана', 26000.0, 'active', ''),
('s656', 'Тайчиков Канатбек', '996550404259', 'IELTS Prep', 'g648', 'Диана', 26000.0, 'active', ''),
('s658', 'Тургунбаева Рейхана', '996 554 503 344', 'IELTS Prep', 'g648', 'Эламан', 26000.0, 'active', ''),
('s660', 'Айтиева Айбийке', '996 774 252 591', 'IELTS Prep', 'g648', 'Диана', 26000.0, 'active', ''),
('s662', 'Беркошова Акылай', '999302015', 'IELTS Prep', 'g648', 'Алия', 26000.0, 'active', ''),
('s664', 'Тойгонбаев Даниэл', '223543412', 'IELTS Prep', 'g648', 'Диана', 26000.0, 'active', ''),
('s666', 'Колдошбаев Нурэл', '996701514107', 'IELTS Prep', 'g648', 'Венера', 26000.0, 'active', ''),
('s668', 'Мадымаров Артур', '501103416', 'IELTS Prep', 'g648', 'Диана', 26000.0, 'active', ''),
('s670', 'Таникулов Абдурахим', '556868725', 'IELTS Prep', 'g648', 'Диана', 10000.0, 'active', ''),
('s672', 'Медетбеков Байхан', '996559049080', 'IELTS Prep', 'g648', 'Диана', 26000.0, 'active', ''),
('s674', 'Акылбеков Нурбакыт', '996 220 966 588', 'IELTS Prep', 'g648', 'Венера', 26000.0, 'active', ''),
('s676', 'Акынбаев Элдар', '996 772 170 311', 'IELTS Prep', 'g648', 'Венера', 22000.0, 'active', ''),
('s678', 'Сайназарова Сайкал', '996 500 425 221', 'IELTS Prep', 'g648', 'Диана', 26000.0, 'active', ''),
('s680', 'Сегизбаева Айбике', '', 'IELTS Prep', 'g679', 'Диана', 30000.0, 'active', ''),
('s682', 'Сакулов Арген', '79665055033', 'IELTS Prep', 'g679', 'Диана', 24000.0, 'active', ''),
('s683', '⁠Сайдазова Айбийке', '', 'IELTS Prep', 'g679', 'Диана', 30000.0, 'active', ''),
('s684', 'Ахматов Юсуф', '', 'IELTS Prep', 'g679', 'Диана', 30000.0, 'active', ''),
('s685', 'Кабылова Айзат', '', 'IELTS Prep', 'g679', 'Эламан', 30000.0, 'active', ''),
('s686', 'Эргешов Али', '', 'IELTS Prep', 'g679', 'Диана', 30000.0, 'active', ''),
('s687', 'Рахимов Азизбек', '', 'IELTS Prep', 'g679', 'Алия', 30000.0, 'active', ''),
('s688', '⁠Казакбаев Абдурахмон', '', 'IELTS Prep', 'g679', 'Диана', 30000.0, 'active', ''),
('s689', '⁠Сайдалимов Абубакир', '', 'IELTS Prep', 'g679', 'Диана', 30000.0, 'active', ''),
('s690', 'Ишматов Азизилло', '', 'IELTS Prep', 'g679', 'Диана', 10000.0, 'active', ''),
('s691', 'Дорбанов Акылбек', '', 'IELTS Prep', 'g679', 'Диана', 30000.0, 'active', ''),
('s692', '⁠Жумагулова Тамерис', '', 'IELTS Prep', 'g679', 'Диана', 5000.0, 'active', ''),
('s693', 'Маннапова Назира', '', 'IELTS Prep', 'g679', 'Диана', 30000.0, 'active', ''),
('s695', 'Асанова Сауле', '', 'IELTS Prep', 'g679', 'Венера', 15000.0, 'active', ''),
('s697', 'Акимова Даткайым', '996 772 940 737', 'IELTS Prep', 'g679', 'Диана', 30000.0, 'active', ''),
('s700', 'Минбаев Байыш', '996 755 414 190', 'IELTS Prep', 'g698', 'Диана', 15000.0, 'active', ''),
('s701', 'Матанов Абдумалик', '', 'IELTS Prep', 'g698', 'Эламан', 0, 'active', ''),
('s703', 'Амирхамид', '507425826', 'IELTS Prep', 'g698', '', 15000.0, 'active', ''),
('s705', 'Кубанычов Байгелди', '', 'IELTS Prep', 'g698', 'Диана', 24000.0, 'active', '');

-- payments (334 rows)
insert into public.payments (id, student_id, amount, date, note) values
('p2', 's3', 8000.0, '2026-05-12', 'Первый взнос'),
('p4', 's5', 8000.0, NULL, 'Первый взнос'),
('p6', 's7', 8000.0, '2026-05-23', 'Первый взнос'),
('p8', 's9', 8000.0, '2026-05-25', 'Первый взнос'),
('p10', 's11', 8000.0, '2026-05-25', 'Первый взнос'),
('p12', 's13', 8000.0, '2026-05-25', 'Первый взнос'),
('p14', 's15', 10000.0, '2026-05-28', 'Первый взнос'),
('p16', 's17', 24000.0, '2026-05-29', 'Первый взнос'),
('p18', 's19', 10000.0, '2026-05-29', 'Первый взнос'),
('p20', 's21', 10000.0, '2026-05-30', 'Первый взнос'),
('p22', 's23', 9000.0, '2026-05-31', 'Первый взнос'),
('p24', 's25', 9000.0, '2026-06-01', 'Первый взнос'),
('p26', 's27', 10000.0, '2026-05-31', 'Первый взнос'),
('p28', 's29', 8000.0, '2026-05-01', 'Первый взнос'),
('p30', 's31', 10000.0, '2026-05-01', 'Первый взнос'),
('p33', 's34', 8000.0, '2026-05-12', 'Первый взнос'),
('p35', 's36', 8000.0, '2026-05-15', 'Первый взнос'),
('p37', 's38', 8000.0, '2026-06-02', 'Первый взнос'),
('p39', 's40', 10000.0, '2026-05-21', 'Первый взнос'),
('p41', 's42', 10000.0, '2026-05-30', 'Первый взнос'),
('p43', 's44', 10000.0, '2026-05-30', 'Первый взнос'),
('p45', 's46', 8000.0, '2026-05-30', 'Первый взнос'),
('p47', 's48', 8000.0, '2026-05-31', 'Первый взнос'),
('p49', 's50', 10000.0, '2026-05-31', 'Первый взнос'),
('p51', 's52', 10000.0, '2026-05-21', 'Первый взнос'),
('p55', 's56', 10000.0, '2026-06-01', 'Первый взнос'),
('p57', 's58', 8000.0, '2026-06-02', 'Первый взнос'),
('p59', 's60', 10000.0, '2026-05-02', 'Первый взнос'),
('p62', 's63', 10000.0, '2026-06-12', 'Первый взнос'),
('p64', 's65', 10000.0, '2026-06-15', 'Первый взнос'),
('p66', 's67', 10000.0, '2026-06-13', 'Первый взнос'),
('p68', 's69', 18000.0, '2026-06-27', 'Первый взнос'),
('p70', 's71', 20000.0, '2026-06-08', 'Первый взнос'),
('p72', 's73', 20000.0, '2026-06-08', 'Первый взнос'),
('p74', 's75', 10000.0, '2026-06-09', 'Первый взнос'),
('p76', 's77', 10000.0, '2026-06-12', 'Первый взнос'),
('p78', 's79', 10000.0, '2026-06-13', 'Первый взнос'),
('p80', 's81', 10000.0, '2026-06-13', 'Первый взнос'),
('p82', 's83', 10000.0, '2026-06-13', 'Первый взнос'),
('p84', 's85', 10000.0, '2026-06-15', 'Первый взнос'),
('p86', 's87', 20000.0, '2026-06-15', 'Первый взнос'),
('p88', 's89', 10000.0, '2026-06-16', 'Первый взнос'),
('p90', 's91', 10000.0, '2026-06-17', 'Первый взнос'),
('p93', 's94', 18000.0, '2026-06-18', 'Первый взнос'),
('p95', 's96', 9000.0, '2026-06-22', 'Первый взнос'),
('p97', 's98', 10000.0, '2026-06-23', 'Первый взнос'),
('p99', 's100', 10000.0, '2026-06-24', 'Первый взнос'),
('p101', 's102', 9000.0, '2026-06-24', 'Первый взнос'),
('p103', 's104', 18000.0, '2026-06-24', 'Первый взнос'),
('p105', 's106', 18000.0, '2026-06-25', 'Первый взнос');
insert into public.payments (id, student_id, amount, date, note) values
('p107', 's108', 10000.0, '2026-06-26', 'Первый взнос'),
('p109', 's110', 10000.0, '2026-06-30', 'Первый взнос'),
('p111', 's112', 10000.0, '2026-06-30', 'Первый взнос'),
('p113', 's114', 10000.0, '2026-06-29', 'Первый взнос'),
('p115', 's116', 10000.0, '2026-06-29', 'Первый взнос'),
('p117', 's118', 10000.0, '2026-06-30', 'Первый взнос'),
('p119', 's120', 9000.0, '2026-06-29', 'Первый взнос'),
('p122', 's123', 8000.0, '2026-05-12', 'Первый взнос'),
('p124', 's125', 8000.0, NULL, 'Первый взнос'),
('p126', 's127', 8000.0, NULL, 'Первый взнос'),
('p128', 's129', 8000.0, NULL, 'Первый взнос'),
('p130', 's131', 8000.0, NULL, 'Первый взнос'),
('p132', 's133', 8000.0, NULL, 'Первый взнос'),
('p134', 's135', 10000.0, '2026-05-19', 'Первый взнос'),
('p136', 's137', 8000.0, NULL, 'Первый взнос'),
('p138', 's139', 8000.0, '2026-05-26', 'Первый взнос'),
('p140', 's141', 8000.0, NULL, 'Первый взнос'),
('p142', 's143', 8000.0, NULL, 'Первый взнос'),
('p144', 's145', 10000.0, '2026-05-29', 'Первый взнос'),
('p146', 's147', 10000.0, '2026-06-08', 'Первый взнос'),
('p151', 's152', 10000.0, '2026-05-16', 'Первый взнос'),
('p153', 's154', 10000.0, '2026-05-18', 'Первый взнос'),
('p155', 's156', 10000.0, '2026-05-25', 'Первый взнос'),
('p157', 's158', 8000.0, '2026-05-23', 'Первый взнос'),
('p159', 's160', 8000.0, '2026-05-30', 'Первый взнос'),
('p161', 's162', 8000.0, '2026-05-30', 'Первый взнос'),
('p163', 's164', 10000.0, '2026-05-31', 'Первый взнос'),
('p165', 's166', 24000.0, '2026-05-23', 'Первый взнос'),
('p167', 's168', 8000.0, '2026-06-01', 'Первый взнос'),
('p169', 's170', 10000.0, '2026-06-01', 'Первый взнос'),
('p171', 's172', 10000.0, '2026-06-01', 'Первый взнос'),
('p173', 's174', 10000.0, '2026-06-02', 'Первый взнос'),
('p175', 's176', 10000.0, '2026-06-02', 'Первый взнос'),
('p177', 's178', 10000.0, '2026-06-01', 'Первый взнос'),
('p181', 's182', 10000.0, NULL, 'July'),
('p183', 's184', 5000.0, NULL, 'July'),
('p185', 's186', 10000.0, '2026-06-08', 'Первый взнос'),
('p187', 's188', 8000.0, '2026-06-05', 'Первый взнос'),
('p189', 's190', 20000.0, NULL, 'Первый взнос'),
('p191', 's192', 8000.0, '2026-06-05', 'Первый взнос'),
('p193', 's194', 1000.0, '2026-06-09', 'Первый взнос'),
('p196', 's197', 10000.0, '2026-06-09', 'Первый взнос'),
('p198', 's199', 10000.0, '2026-06-08', 'Первый взнос'),
('p201', 's202', 10000.0, '2026-06-09', 'Первый взнос'),
('p204', 's205', 10000.0, NULL, 'Первый взнос'),
('p209', 's210', 10000.0, '2026-06-18', 'Первый взнос'),
('p211', 's212', 18000.0, '2026-06-23', 'Первый взнос'),
('p214', 's215', 18000.0, '2026-06-23', 'Первый взнос'),
('p216', 's217', 10000.0, '2026-06-23', 'Первый взнос'),
('p218', 's219', 10000.0, '2026-06-23', 'Первый взнос');
insert into public.payments (id, student_id, amount, date, note) values
('p221', 's222', 10000.0, '2026-06-29', 'Первый взнос'),
('p223', 's224', 9000.0, '2026-06-25', 'Первый взнос'),
('p225', 's226', 10000.0, '2026-06-25', 'Первый взнос'),
('p229', 's230', 9000.0, '2026-06-26', 'Первый взнос'),
('p231', 's232', 10000.0, '2026-07-01', 'Первый взнос'),
('p233', 's234', 10000.0, '2026-06-29', 'Первый взнос'),
('p236', 's237', 10000.0, '2026-05-30', 'Первый взнос'),
('p238', 's239', 8000.0, '2026-05-19', 'Первый взнос'),
('p240', 's241', 10000.0, '2026-05-20', 'Первый взнос'),
('p242', 's243', 10000.0, '2026-05-20', 'Первый взнос'),
('p244', 's245', 8000.0, '2026-05-21', 'Первый взнос'),
('p246', 's247', 10000.0, '2026-05-22', 'Первый взнос'),
('p248', 's249', 8000.0, '2026-05-26', 'Первый взнос'),
('p250', 's251', 10000.0, '2026-05-28', 'Первый взнос'),
('p252', 's253', 10000.0, '2026-05-28', 'Первый взнос'),
('p254', 's255', 10000.0, '2026-05-28', 'Первый взнос'),
('p256', 's257', 10000.0, NULL, 'Первый взнос'),
('p259', 's260', 1000.0, NULL, 'Первый взнос'),
('p261', 's262', 10000.0, '2026-05-30', 'Первый взнос'),
('p263', 's264', 8000.0, '2026-05-02', 'Первый взнос'),
('p266', 's267', 9000.0, NULL, 'Первый взнос'),
('p273', 's274', 10000.0, '2026-06-17', 'Первый взнос'),
('p275', 's276', 10000.0, '2026-06-02', 'Первый взнос'),
('p277', 's278', 10000.0, '2026-06-02', 'Первый взнос'),
('p279', 's280', 10000.0, '2026-06-02', 'Первый взнос'),
('p281', 's282', 8000.0, '2026-05-21', 'Первый взнос'),
('p283', 's284', 10000.0, NULL, 'Первый взнос'),
('p285', 's286', 8000.0, '2026-06-03', 'Первый взнос'),
('p287', 's288', 5000.0, '2026-06-03', 'Первый взнос'),
('p289', 's290', 10000.0, '2026-05-16', 'Первый взнос'),
('p292', 's293', 10000.0, '2026-06-09', 'Первый взнос'),
('p294', 's295', 10000.0, '2026-06-09', 'Первый взнос'),
('p296', 's297', 10000.0, '2026-06-15', 'Первый взнос'),
('p298', 's299', 20000.0, '2026-06-04', 'Первый взнос'),
('p300', 's301', 20000.0, '2026-06-04', 'Первый взнос'),
('p302', 's303', 10000.0, '2026-06-08', 'Первый взнос'),
('p304', 's305', 20000.0, '2026-06-11', 'Первый взнос'),
('p306', 's307', 10000.0, '2026-06-09', 'Первый взнос'),
('p308', 's309', 10000.0, '2026-06-10', 'Первый взнос'),
('p310', 's311', 20000.0, '2026-06-17', 'Первый взнос'),
('p312', 's313', 20000.0, '2026-06-12', 'Первый взнос'),
('p314', 's315', 20000.0, '2026-06-12', 'Первый взнос'),
('p316', 's317', 10000.0, '2026-06-13', 'Первый взнос'),
('p318', 's319', 10000.0, '2026-06-15', 'Первый взнос'),
('p320', 's321', 10000.0, '2026-06-08', 'Первый взнос'),
('p322', 's323', 10000.0, '2026-06-16', 'Первый взнос'),
('p325', 's326', 10000.0, '2026-06-18', 'Первый взнос'),
('p328', 's329', 9000.0, '2026-06-24', 'Первый взнос'),
('p330', 's331', 10000.0, '2026-07-01', 'Первый взнос'),
('p339', 's340', 10000.0, '2026-06-26', 'Первый взнос');
insert into public.payments (id, student_id, amount, date, note) values
('p341', 's342', 9000.0, '2026-06-27', 'Первый взнос'),
('p344', 's345', 10000.0, '2026-06-29', 'Первый взнос'),
('p346', 's347', 10000.0, '2026-06-17', 'Первый взнос'),
('p348', 's349', 18000.0, '2026-06-26', 'Первый взнос'),
('p351', 's352', 10000.0, '2026-05-20', 'Первый взнос'),
('p353', 's354', 8000.0, '2026-05-21', 'Первый взнос'),
('p355', 's356', 8000.0, '2026-05-30', 'Первый взнос'),
('p357', 's358', 10000.0, '2026-05-25', 'Первый взнос'),
('p360', 's361', 10000.0, '2026-05-04', 'Первый взнос'),
('p362', 's363', 8000.0, NULL, 'Первый взнос'),
('p364', 's365', 8000.0, NULL, 'Первый взнос'),
('p367', 's368', 8000.0, NULL, 'Первый взнос'),
('p369', 's370', 8000.0, '2026-05-28', 'Первый взнос'),
('p371', 's372', 8000.0, '2026-05-30', 'Первый взнос'),
('p373', 's374', 10000.0, '2026-05-30', 'Первый взнос'),
('p375', 's376', 10000.0, '2026-06-01', 'Первый взнос'),
('p378', 's379', 10000.0, '2026-05-18', 'Первый взнос'),
('p380', 's381', 10000.0, NULL, 'Первый взнос'),
('p382', 's383', 8000.0, '2026-05-29', 'Первый взнос'),
('p384', 's385', 10000.0, '2026-06-01', 'Первый взнос'),
('p386', 's387', 10000.0, '2026-05-21', 'Первый взнос'),
('p390', 's391', 10000.0, NULL, 'Первый взнос'),
('p395', 's396', 8000.0, '2026-05-29', 'Первый взнос'),
('p398', 's399', 10000.0, '2026-06-02', 'Первый взнос'),
('p406', 's407', 1000.0, '2026-05-20', 'Первый взнос'),
('p408', 's409', 20000.0, '2026-06-10', 'Первый взнос'),
('p410', 's411', 10000.0, '2026-06-06', 'Первый взнос'),
('p412', 's413', 20000.0, '2026-06-08', 'Первый взнос'),
('p414', 's415', 10000.0, '2026-06-08', 'Первый взнос'),
('p418', 's419', 10000.0, '2026-06-15', 'Первый взнос'),
('p420', 's421', 10000.0, '2026-06-15', 'Первый взнос'),
('p422', 's423', 10000.0, '2026-05-25', 'Первый взнос'),
('p424', 's425', 20000.0, '2026-06-02', 'Первый взнос'),
('p426', 's427', 20000.0, '2026-06-19', 'Первый взнос'),
('p428', 's429', 10000.0, '2026-06-18', 'Первый взнос'),
('p430', 's431', 20000.0, '2026-06-22', 'Первый взнос'),
('p432', 's433', 10000.0, '2026-06-01', 'Первый взнос'),
('p434', 's435', 10000.0, '2026-06-19', 'Первый взнос'),
('p436', 's437', 12000.0, '2026-06-25', 'Первый взнос'),
('p439', 's440', 10000.0, '2026-05-05', 'Первый взнос'),
('p441', 's442', 10000.0, '2026-05-06', 'Первый взнос'),
('p444', 's445', 1000.0, NULL, 'Первый взнос'),
('p449', 's450', 10000.0, NULL, 'Первый взнос'),
('p451', 's454', 10000.0, NULL, 'June'),
('p452', 's454', 10000.0, NULL, 'July'),
('p453', 's454', 10000.0, NULL, 'August'),
('p455', 's458', 6000.0, NULL, 'June'),
('p456', 's458', 10000.0, NULL, 'July'),
('p457', 's458', 10000.0, NULL, 'August'),
('p459', 's462', 9333.0, NULL, 'June');
insert into public.payments (id, student_id, amount, date, note) values
('p460', 's462', 9333.0, NULL, 'July'),
('p461', 's462', 9333.0, NULL, 'August'),
('p463', 's465', 10000.0, NULL, 'June'),
('p464', 's465', 10000.0, NULL, 'July'),
('p466', 's469', 9333.0, NULL, 'June'),
('p467', 's469', 9333.0, NULL, 'July'),
('p468', 's469', 9333.0, NULL, 'August'),
('p470', 's473', 9333.0, NULL, 'June'),
('p471', 's473', 9333.0, NULL, 'July'),
('p472', 's473', 9333.0, NULL, 'August'),
('p474', 's477', 5000.0, NULL, 'June'),
('p475', 's477', 5000.0, NULL, 'July'),
('p476', 's477', 5000.0, NULL, 'August'),
('p478', 's481', 9333.0, NULL, 'June'),
('p479', 's481', 9333.0, NULL, 'July'),
('p480', 's481', 9333.0, NULL, 'August'),
('p482', 's483', 15000.0, NULL, 'June'),
('p484', 's487', 10000.0, NULL, 'June'),
('p485', 's487', 10000.0, NULL, 'July'),
('p486', 's487', 10000.0, NULL, 'August'),
('p488', 's491', 10000.0, NULL, 'June'),
('p489', 's491', 10000.0, NULL, 'July'),
('p490', 's491', 10000.0, NULL, 'August'),
('p492', 's495', 9333.0, NULL, 'June'),
('p493', 's495', 9333.0, NULL, 'July'),
('p494', 's495', 9333.0, NULL, 'August'),
('p496', 's497', 15000.0, '2026-05-11', 'Первый взнос'),
('p498', 's499', 9333.0, '2026-05-11', 'Первый взнос'),
('p501', 's502', 10000.0, '2026-05-08', 'Первый взнос'),
('p503', 's504', 10000.0, NULL, 'Первый взнос'),
('p505', 's506', 26000.0, '2026-06-09', 'Первый взнос'),
('p507', 's508', 10000.0, NULL, 'May'),
('p509', 's510', 10000.0, '2026-05-13', 'Первый взнос'),
('p511', 's512', 10000.0, NULL, 'May'),
('p513', 's514', 10000.0, NULL, 'May'),
('p515', 's516', 10000.0, NULL, 'May'),
('p517', 's518', 10000.0, '2026-05-18', 'Первый взнос'),
('p519', 's520', 10000.0, NULL, 'May'),
('p523', 's524', 10000.0, NULL, 'May'),
('p525', 's526', 10000.0, '2026-06-01', 'Первый взнос'),
('p528', 's531', 10000.0, NULL, 'June'),
('p529', 's531', 10000.0, NULL, 'July'),
('p530', 's531', 10000.0, NULL, 'August'),
('p532', 's535', 9333.0, NULL, 'June'),
('p533', 's535', 9333.0, NULL, 'July'),
('p534', 's535', 9333.0, NULL, 'August'),
('p536', 's539', 9333.0, NULL, 'June'),
('p537', 's539', 9333.0, NULL, 'July'),
('p538', 's539', 9333.0, NULL, 'August'),
('p540', 's543', 9333.0, NULL, 'June');
insert into public.payments (id, student_id, amount, date, note) values
('p541', 's543', 9333.0, NULL, 'July'),
('p542', 's543', 9333.0, NULL, 'August'),
('p544', 's545', 15000.0, NULL, 'June'),
('p546', 's549', 10000.0, NULL, 'June'),
('p547', 's549', 10000.0, NULL, 'July'),
('p548', 's549', 10000.0, NULL, 'August'),
('p551', 's554', 10000.0, NULL, 'June'),
('p552', 's554', 10000.0, NULL, 'July'),
('p553', 's554', 10000.0, NULL, 'August'),
('p555', 's556', 10000.0, '2026-05-18', 'Первый взнос'),
('p557', 's558', 10000.0, '2026-05-18', 'Первый взнос'),
('p559', 's560', 10000.0, '2026-05-18', 'Первый взнос'),
('p561', 's562', 10000.0, '2026-05-18', 'Первый взнос'),
('p563', 's566', 10000.0, NULL, 'June'),
('p564', 's566', 10000.0, NULL, 'July'),
('p565', 's566', 10000.0, NULL, 'August'),
('p568', 's569', 72999, NULL, 'June'),
('p571', 's572', 9333.0, '2026-06-01', 'Первый взнос'),
('p573', 's576', 10000.0, NULL, 'June'),
('p574', 's576', 10000.0, NULL, 'July'),
('p575', 's576', 10000.0, NULL, 'August'),
('p577', 's580', 9333.0, NULL, 'June'),
('p578', 's580', 9333.0, NULL, 'July'),
('p579', 's580', 9333.0, NULL, 'August'),
('p581', 's584', 10000.0, NULL, 'June'),
('p582', 's584', 10000.0, NULL, 'July'),
('p583', 's584', 10000.0, NULL, 'August'),
('p585', 's586', 10000.0, '2026-05-21', 'Первый взнос'),
('p587', 's590', 10000.0, NULL, 'June'),
('p588', 's590', 10000.0, NULL, 'July'),
('p589', 's590', 10000.0, NULL, 'August'),
('p591', 's592', 10000.0, '2026-05-25', 'Первый взнос'),
('p593', 's596', 10000.0, NULL, 'June'),
('p594', 's596', 10000.0, NULL, 'July'),
('p595', 's596', 10000.0, NULL, 'August'),
('p599', 's600', 10000.0, '2026-05-25', 'Первый взнос'),
('p601', 's602', 26000.0, '2026-06-15', 'Первый взнос'),
('p603', 's604', 9333.0, NULL, 'Первый взнос'),
('p605', 's608', 10000.0, NULL, 'June'),
('p606', 's608', 10000.0, NULL, 'July'),
('p607', 's608', 10000.0, NULL, 'August'),
('p609', 's610', 26000.0, '2026-06-10', 'Первый взнос'),
('p612', 's613', 15000.0, NULL, 'June'),
('p614', 's615', 10000.0, '2026-05-25', 'Первый взнос'),
('p616', 's619', 10000.0, NULL, 'June'),
('p617', 's619', 10000.0, NULL, 'July'),
('p618', 's619', 9000.0, NULL, 'August'),
('p620', 's623', 10000.0, NULL, 'June'),
('p621', 's623', 10000.0, NULL, 'July'),
('p622', 's623', 10000.0, NULL, 'August');
insert into public.payments (id, student_id, amount, date, note) values
('p624', 's627', 10000.0, NULL, 'June'),
('p625', 's627', 10000.0, NULL, 'July'),
('p626', 's627', 10000.0, NULL, 'August'),
('p628', 's629', 15000.0, NULL, 'June'),
('p630', 's631', 10000.0, '2026-05-28', 'Первый взнос'),
('p632', 's635', 10000.0, NULL, 'June'),
('p633', 's635', 10000.0, NULL, 'July'),
('p634', 's635', 10000.0, NULL, 'August'),
('p636', 's637', 10000.0, '2026-05-26', 'Первый взнос'),
('p639', 's640', 10000.0, NULL, 'Первый взнос'),
('p642', 's643', 10000.0, NULL, 'Первый взнос'),
('p644', 's645', 10000.0, '2026-05-29', 'Первый взнос'),
('p646', 's647', 10000.0, '2026-06-01', 'Первый взнос'),
('p649', 's650', 26000.0, '2026-06-03', 'Первый взнос'),
('p651', 's652', 26000.0, '2026-06-03', 'Первый взнос'),
('p653', 's654', 26000.0, '2026-06-03', 'Первый взнос'),
('p655', 's656', 26000.0, '2026-06-03', 'Первый взнос'),
('p657', 's658', 26000.0, '2026-06-05', 'Первый взнос'),
('p659', 's660', 26000.0, '2026-06-05', 'Первый взнос'),
('p661', 's662', 26000.0, '2026-06-08', 'Первый взнос'),
('p663', 's664', 26000.0, '2026-06-08', 'Первый взнос'),
('p665', 's666', 26000.0, '2026-06-25', 'Первый взнос'),
('p667', 's668', 26000.0, '2026-06-10', 'Первый взнос'),
('p669', 's670', 10000.0, '2026-02-05', 'Первый взнос'),
('p671', 's672', 26000.0, '2026-06-11', 'Первый взнос'),
('p673', 's674', 26000.0, '2026-06-13', 'Первый взнос'),
('p675', 's676', 22000.0, '2026-06-12', 'Первый взнос'),
('p677', 's678', 26000.0, '2026-06-13', 'Первый взнос'),
('p681', 's682', 24000.0, '2026-07-01', 'Первый взнос'),
('p694', 's695', 15000.0, '2026-06-29', 'Первый взнос'),
('p696', 's697', 30000.0, '2026-06-27', 'Первый взнос'),
('p699', 's700', 15000.0, '2026-06-01', 'Первый взнос'),
('p702', 's703', 15000.0, '2026-07-02', 'Первый взнос'),
('p704', 's705', 24000.0, '2026-06-01', 'Первый взнос');

-- managers (5 rows)
insert into public.managers (name) values
('Диана'),
('Венера'),
('Алия'),
('Эламан'),
('Анжелика')
on conflict (name) do nothing;

-- teachers (15 rows)
insert into public.teachers (name) values
('Aizat'),
('Asel'),
('Baiysh'),
('Green'),
('Ilyaz'),
('Madina'),
('Mr Baiysh'),
('Mr Green'),
('Mr Madina'),
('Ms Madina'),
('Ms Nurzhan'),
('Nargiza'),
('Nurzhan'),
('Yan'),
('mr,Yan')
on conflict (name) do nothing;
